-- seed.sql
-- The Sovereign Ledger - Demo seed data
-- Fixed UUIDs for reproducibility

-- ============================================================
-- AUTH USERS (these would normally be created via Supabase Auth)
-- In local dev, insert directly into auth.users
-- ============================================================
insert into auth.users (id, email, encrypted_password, email_confirmed_at, created_at, updated_at)
values
  ('a1000000-0000-0000-0000-000000000001', 'khalid@demo.com', crypt('demo1234', gen_salt('bf')), now(), now(), now()),
  ('a1000000-0000-0000-0000-000000000002', 'sarah@demo.com',  crypt('demo1234', gen_salt('bf')), now(), now(), now()),
  ('a1000000-0000-0000-0000-000000000003', 'omar@demo.com',   crypt('demo1234', gen_salt('bf')), now(), now(), now()),
  -- Additional investor users
  ('a1000000-0000-0000-0000-000000000004', 'fahad@demo.com',  crypt('demo1234', gen_salt('bf')), now(), now(), now()),
  ('a1000000-0000-0000-0000-000000000005', 'joon@demo.com',   crypt('demo1234', gen_salt('bf')), now(), now(), now()),
  ('a1000000-0000-0000-0000-000000000006', 'ahmed@demo.com',  crypt('demo1234', gen_salt('bf')), now(), now(), now()),
  ('a1000000-0000-0000-0000-000000000007', 'sultan@demo.com', crypt('demo1234', gen_salt('bf')), now(), now(), now()),
  ('a1000000-0000-0000-0000-000000000008', 'hamad@demo.com',  crypt('demo1234', gen_salt('bf')), now(), now(), now()),
  ('a1000000-0000-0000-0000-000000000009', 'nasser@demo.com', crypt('demo1234', gen_salt('bf')), now(), now(), now()),
  ('a1000000-0000-0000-0000-000000000010', 'mohammad@demo.com', crypt('demo1234', gen_salt('bf')), now(), now(), now()),
  ('a1000000-0000-0000-0000-000000000011', 'yusuf@demo.com',  crypt('demo1234', gen_salt('bf')), now(), now(), now()),
  ('a1000000-0000-0000-0000-000000000012', 'ali@demo.com',    crypt('demo1234', gen_salt('bf')), now(), now(), now())
on conflict (id) do nothing;

-- ============================================================
-- PROFILES
-- ============================================================
insert into profiles (id, user_id, role, name, avatar_url, locale) values
  ('b1000000-0000-0000-0000-000000000001', 'a1000000-0000-0000-0000-000000000001', 'advisor',  'Khalid Al-Mansour', null, 'ar'),
  ('b1000000-0000-0000-0000-000000000002', 'a1000000-0000-0000-0000-000000000002', 'company',  'Sarah Chen',        null, 'en'),
  ('b1000000-0000-0000-0000-000000000003', 'a1000000-0000-0000-0000-000000000003', 'investor', 'Omar bin Rashid',   null, 'ar'),
  -- Additional investor profiles
  ('b1000000-0000-0000-0000-000000000004', 'a1000000-0000-0000-0000-000000000004', 'investor', 'Fahad Al-Otaibi',      null, 'ar'),
  ('b1000000-0000-0000-0000-000000000005', 'a1000000-0000-0000-0000-000000000005', 'investor', 'Joon Park',            null, 'en'),
  ('b1000000-0000-0000-0000-000000000006', 'a1000000-0000-0000-0000-000000000006', 'investor', 'Ahmed Al-Maktoum',     null, 'en'),
  ('b1000000-0000-0000-0000-000000000007', 'a1000000-0000-0000-0000-000000000007', 'investor', 'Sultan Al-Khalifa',    null, 'ar'),
  ('b1000000-0000-0000-0000-000000000008', 'a1000000-0000-0000-0000-000000000008', 'investor', 'Hamad Al-Thani',       null, 'ar'),
  ('b1000000-0000-0000-0000-000000000009', 'a1000000-0000-0000-0000-000000000009', 'investor', 'Nasser Al-Habtoor',    null, 'ar'),
  ('b1000000-0000-0000-0000-000000000010', 'a1000000-0000-0000-0000-000000000010', 'investor', 'Mohammad Al-Busaidi',  null, 'ar'),
  ('b1000000-0000-0000-0000-000000000011', 'a1000000-0000-0000-0000-000000000011', 'investor', 'Yusuf Al-Sabah',       null, 'ar'),
  ('b1000000-0000-0000-0000-000000000012', 'a1000000-0000-0000-0000-000000000012', 'investor', 'Ali Al-Ghanim',        null, 'ar')
on conflict (id) do nothing;

-- ============================================================
-- COMPANIES
-- ============================================================
insert into companies (id, profile_id, name, trade_license, sector, country, company_type, revenue_range, employee_count, sharia_compliant) values
  ('c1000000-0000-0000-0000-000000000001', 'b1000000-0000-0000-0000-000000000002', 'Alpha Strategic Ltd',       'TL-DXB-2019-48271', 'Healthcare',         'UAE',     'sme',            'AED 20M-50M',    120, true),
  ('c1000000-0000-0000-0000-000000000002', 'b1000000-0000-0000-0000-000000000002', 'NovaTech Holdings',         'TL-AUH-2020-11034', 'Technology',         'UAE',     'growth_startup', 'AED 100M-200M',  340, false),
  ('c1000000-0000-0000-0000-000000000003', 'b1000000-0000-0000-0000-000000000002', 'Desert Logistics Group',    'TL-RUH-2017-55021', 'Logistics',          'KSA',     'family',         'SAR 30M-60M',    200, false),
  ('c1000000-0000-0000-0000-000000000004', 'b1000000-0000-0000-0000-000000000002', 'Gulf Horizon Properties',   'TL-DOH-2018-72310', 'Real Estate',        'Qatar',   'sme',            'QAR 50M-100M',    85, false),
  ('c1000000-0000-0000-0000-000000000005', 'b1000000-0000-0000-0000-000000000002', 'Pearl Bay Restaurants',      'TL-MAN-2021-33092', 'F&B',                'Bahrain', 'sme',            'BHD 2M-5M',       45, true),
  ('c1000000-0000-0000-0000-000000000006', 'b1000000-0000-0000-0000-000000000002', 'Shamsi Renewables',         'TL-DXB-2020-67845', 'Renewables',         'UAE',     'growth_startup', 'AED 80M-150M',   190, true),
  ('c1000000-0000-0000-0000-000000000007', 'b1000000-0000-0000-0000-000000000002', 'Al-Waha Hospitality Group', 'TL-JED-2015-29013', 'Hospitality',        'KSA',     'family',         'SAR 150M-250M',  520, false),
  ('c1000000-0000-0000-0000-000000000008', 'b1000000-0000-0000-0000-000000000002', 'Zenith Digital Solutions',  'TL-DXB-2022-81456', 'Technology',         'UAE',     'growth_startup', 'AED 15M-30M',     65, false),
  ('c1000000-0000-0000-0000-000000000009', 'b1000000-0000-0000-0000-000000000002', 'Oman Learning Academy',     'TL-MCT-2019-44827', 'Education',          'Oman',    'sme',            'OMR 1M-5M',       90, false),
  ('c1000000-0000-0000-0000-000000000010', 'b1000000-0000-0000-0000-000000000002', 'Emirates Tower RE',         'TL-DXB-2016-19384', 'Real Estate',        'UAE',     'family',         'AED 200M-400M',  150, false),
  ('c1000000-0000-0000-0000-000000000011', 'b1000000-0000-0000-0000-000000000002', 'Kuwait Capital Group',      'TL-KWC-2018-56190', 'Financial Services', 'Kuwait',  'sme',            'KWD 5M-10M',      75, true),
  ('c1000000-0000-0000-0000-000000000012', 'b1000000-0000-0000-0000-000000000002', 'Saffron Kitchen Group',     'TL-DXB-2021-90123', 'F&B',                'UAE',     'sme',            'AED 8M-15M',      60, false),
  ('c1000000-0000-0000-0000-000000000013', 'b1000000-0000-0000-0000-000000000002', 'Riyadh Health Partners',    'TL-RUH-2019-73621', 'Healthcare',         'KSA',     'growth_startup', 'SAR 30M-60M',    180, true),
  ('c1000000-0000-0000-0000-000000000014', 'b1000000-0000-0000-0000-000000000002', 'Doha Digital Ventures',     'TL-DOH-2022-28475', 'Technology',         'Qatar',   'growth_startup', 'QAR 20M-50M',     50, false),
  ('c1000000-0000-0000-0000-000000000015', 'b1000000-0000-0000-0000-000000000002', 'Gulf Express Cargo',        'TL-DXB-2018-42819', 'Logistics',          'UAE',     'sme',            'AED 50M-100M',   230, false)
on conflict (id) do nothing;

-- ============================================================
-- DEALS (15 deals)
-- ============================================================
insert into deals (id, company_id, project_name, deal_type, status, asking_valuation, equity_offered, min_ticket, currency, sector, country, sharia_compliant, ai_velocity, created_at, go_live_at) values
  -- Project Phoenix - UAE Healthcare, Full Sale, Listed, Sharia-compliant
  ('d1000000-0000-0000-0000-000000000001', 'c1000000-0000-0000-0000-000000000001', 'Project Phoenix',
   'Full Sale', 'Listed', 35000000, null, 35000000, 'AED', 'Healthcare', 'UAE', true, 'on_track',
   '2025-11-15', '2026-01-10'),

  -- Project Silicon - Abu Dhabi Tech Hub, Partial Exit, Under NDA
  ('d1000000-0000-0000-0000-000000000002', 'c1000000-0000-0000-0000-000000000002', 'Project Silicon',
   'Partial Sale', 'Under NDA', 175000000, 25, 20000000, 'AED', 'Technology', 'UAE', false, 'on_track',
   '2025-10-20', '2025-12-05'),

  -- Project Caravan - KSA Logistics, Debt, Under NDA, at_risk
  ('d1000000-0000-0000-0000-000000000003', 'c1000000-0000-0000-0000-000000000003', 'Project Caravan',
   'Debt', 'Under NDA', 45000000, null, 10000000, 'SAR', 'Logistics', 'KSA', false, 'at_risk',
   '2025-09-01', '2025-11-20'),

  -- Project Oasis - Qatar Real Estate, Equity Fundraise, Listed
  ('d1000000-0000-0000-0000-000000000004', 'c1000000-0000-0000-0000-000000000004', 'Project Oasis',
   'Equity Fundraise', 'Listed', 80000000, 30, 5000000, 'QAR', 'Real Estate', 'Qatar', false, 'on_track',
   '2025-12-01', '2026-02-14'),

  -- Project Pearl - Bahrain F&B, Full Sale, mandate_signed (Draft status for the deal)
  ('d1000000-0000-0000-0000-000000000005', 'c1000000-0000-0000-0000-000000000005', 'Project Pearl',
   'Full Sale', 'Under Review', 5000000, null, 5000000, 'BHD', 'F&B', 'Bahrain', true, null,
   '2026-02-10', null),

  -- Project Falcon - UAE Renewables, JV, Listed, Sharia-compliant
  ('d1000000-0000-0000-0000-000000000006', 'c1000000-0000-0000-0000-000000000006', 'Project Falcon',
   'JV', 'Listed', 120000000, 49, 15000000, 'AED', 'Renewables', 'UAE', true, 'on_track',
   '2025-08-20', '2025-10-15'),

  -- Project Dune - KSA Hospitality, MBO, Indicative Bids
  ('d1000000-0000-0000-0000-000000000007', 'c1000000-0000-0000-0000-000000000007', 'Project Dune',
   'MBO', 'Indicative Bids', 200000000, null, 50000000, 'SAR', 'Hospitality', 'KSA', false, 'on_track',
   '2025-06-15', '2025-08-01'),

  -- Project Zenith - UAE Technology, Equity Fundraise, Listed
  ('d1000000-0000-0000-0000-000000000008', 'c1000000-0000-0000-0000-000000000008', 'Project Zenith',
   'Equity Fundraise', 'Listed', 30000000, 20, 2000000, 'AED', 'Technology', 'UAE', false, 'on_track',
   '2026-01-05', '2026-03-01'),

  -- Project Coral - Oman Education, Partial Sale, Under Review
  ('d1000000-0000-0000-0000-000000000009', 'c1000000-0000-0000-0000-000000000009', 'Project Coral',
   'Partial Sale', 'Under Review', 3000000, 40, 500000, 'OMR', 'Education', 'Oman', false, null,
   '2026-03-01', null),

  -- Project Mirage - UAE Real Estate, Debt, Term Sheet
  ('d1000000-0000-0000-0000-000000000010', 'c1000000-0000-0000-0000-000000000010', 'Project Mirage',
   'Debt', 'Term Sheet', 250000000, null, 50000000, 'AED', 'Real Estate', 'UAE', false, 'on_track',
   '2025-05-10', '2025-07-20'),

  -- Project Atlas - Kuwait Financial Services, Equity Fundraise, Listed
  ('d1000000-0000-0000-0000-000000000011', 'c1000000-0000-0000-0000-000000000011', 'Project Atlas',
   'Equity Fundraise', 'Listed', 8000000, 25, 1000000, 'KWD', 'Financial Services', 'Kuwait', true, 'on_track',
   '2026-01-20', '2026-03-15'),

  -- Project Amber - UAE F&B, Full Sale, Draft
  ('d1000000-0000-0000-0000-000000000012', 'c1000000-0000-0000-0000-000000000012', 'Project Amber',
   'Full Sale', 'Draft', 15000000, null, 15000000, 'AED', 'F&B', 'UAE', false, null,
   '2026-03-20', null),

  -- Project Orion - KSA Healthcare, Equity Fundraise, Listed, Sharia-compliant
  ('d1000000-0000-0000-0000-000000000013', 'c1000000-0000-0000-0000-000000000013', 'Project Orion',
   'Equity Fundraise', 'Listed', 50000000, 30, 5000000, 'SAR', 'Healthcare', 'KSA', true, 'on_track',
   '2025-12-10', '2026-02-01'),

  -- Project Nebula - Qatar Technology, JV, Under NDA
  ('d1000000-0000-0000-0000-000000000014', 'c1000000-0000-0000-0000-000000000014', 'Project Nebula',
   'JV', 'Under NDA', 40000000, 50, 10000000, 'QAR', 'Technology', 'Qatar', false, 'stalled',
   '2025-10-05', '2025-12-20'),

  -- Project Tide - UAE Logistics, Partial Sale, Listed
  ('d1000000-0000-0000-0000-000000000015', 'c1000000-0000-0000-0000-000000000015', 'Project Tide',
   'Partial Sale', 'Listed', 75000000, 35, 10000000, 'AED', 'Logistics', 'UAE', false, 'on_track',
   '2025-11-01', '2026-01-05')
on conflict (id) do nothing;

-- ============================================================
-- INVESTORS (10 investors)
-- ============================================================
insert into investors (id, profile_id, firm_name, firm_type, portfolio_size, sectors_of_interest, geography_pref) values
  ('e1000000-0000-0000-0000-000000000001', 'b1000000-0000-0000-0000-000000000003', 'Vertex Capital',
   'family_office', 500000000, '{Healthcare,Technology,Renewables}', '{UAE,KSA}'),

  ('e1000000-0000-0000-0000-000000000002', 'b1000000-0000-0000-0000-000000000004', 'Alpha Assets',
   'pe', 1200000000, '{Technology,Logistics,Financial Services}', '{KSA,UAE}'),

  ('e1000000-0000-0000-0000-000000000003', 'b1000000-0000-0000-0000-000000000005', 'Mirae Global',
   'vc', 800000000, '{Technology,Healthcare,Renewables}', '{UAE,KSA,Qatar}'),

  ('e1000000-0000-0000-0000-000000000004', 'b1000000-0000-0000-0000-000000000006', 'Gulf Ventures',
   'vc', 350000000, '{Technology,"F&B",Education}', '{UAE,Bahrain}'),

  ('e1000000-0000-0000-0000-000000000005', 'b1000000-0000-0000-0000-000000000007', 'Riyadh Capital Partners',
   'pe', 2000000000, '{Hospitality,"Real Estate",Healthcare}', '{KSA,UAE,Bahrain}'),

  ('e1000000-0000-0000-0000-000000000006', 'b1000000-0000-0000-0000-000000000008', 'Bahrain Bay Holdings',
   'family_office', 250000000, '{"F&B","Real Estate",Hospitality}', '{Bahrain,UAE,Qatar}'),

  ('e1000000-0000-0000-0000-000000000007', 'b1000000-0000-0000-0000-000000000009', 'Qatar Investment Partners',
   'sovereign_fund', 5000000000, '{Technology,Renewables,"Real Estate",Logistics}', '{Qatar,UAE,KSA,Oman,Kuwait,Bahrain}'),

  ('e1000000-0000-0000-0000-000000000008', 'b1000000-0000-0000-0000-000000000010', 'Al-Habtoor Ventures',
   'family_office', 750000000, '{Hospitality,"Real Estate",Logistics}', '{UAE,Oman}'),

  ('e1000000-0000-0000-0000-000000000009', 'b1000000-0000-0000-0000-000000000011', 'Muscat Private Equity',
   'pe', 400000000, '{Education,Healthcare,Logistics}', '{Oman,UAE}'),

  ('e1000000-0000-0000-0000-000000000010', 'b1000000-0000-0000-0000-000000000012', 'Kuwait Growth Fund',
   'sovereign_fund', 3000000000, '{"Financial Services",Technology,Renewables}', '{Kuwait,UAE,KSA}')
on conflict (id) do nothing;

-- ============================================================
-- VALUATIONS (for key deals)
-- ============================================================
insert into valuations (id, deal_id, bear_case, base_case, bull_case, currency, methodology, ai_insight) values
  ('f1000000-0000-0000-0000-000000000001', 'd1000000-0000-0000-0000-000000000001',
   28000000, 35000000, 48000000, 'AED',
   'EV/EBITDA multiple (8-12x) benchmarked against GCC healthcare transactions 2023-2025',
   'Strong EBITDA margins of 22% position this asset well above sector median. Comparable transactions in UAE healthcare have closed at 10-12x trailing EBITDA. Sharia-compliant structure adds 5-8% premium from Islamic fund buyers.'),

  ('f1000000-0000-0000-0000-000000000002', 'd1000000-0000-0000-0000-000000000002',
   140000000, 175000000, 220000000, 'AED',
   'Revenue multiple (6-10x) with DCF cross-check, adjusted for Abu Dhabi tech corridor premium',
   'Revenue growing at 45% YoY with net revenue retention above 130%. Abu Dhabi tech hub incentives reduce effective tax burden. Partial exit at 25% allows founders to retain control while capitalizing on current multiples.'),

  ('f1000000-0000-0000-0000-000000000003', 'd1000000-0000-0000-0000-000000000003',
   38000000, 45000000, 52000000, 'SAR',
   'Asset-backed lending model with fleet valuation and receivables analysis',
   'Fleet assets valued at SAR 30M provide strong collateral base. Receivables concentration risk from top 3 clients (62% of revenue) is a concern flagged for due diligence.'),

  ('f1000000-0000-0000-0000-000000000004', 'd1000000-0000-0000-0000-000000000004',
   60000000, 80000000, 105000000, 'QAR',
   'NAV-based approach with development pipeline premium, FIFA World Cup legacy factor',
   'Post-2022 World Cup real estate correction has stabilized. Development pipeline includes 3 mixed-use projects in Lusail with projected IRR of 18-22%. Land bank alone supports the bear case.'),

  ('f1000000-0000-0000-0000-000000000006', 'd1000000-0000-0000-0000-000000000006',
   90000000, 120000000, 160000000, 'AED',
   'DCF with WACC 9.5%, terminal growth 3%, adjusted for UAE Net Zero 2050 incentives',
   'Operating 340MW across 3 solar installations with 20-year PPA agreements. UAE Net Zero 2050 strategy creates strong tailwinds. JV structure preferred by sovereign wealth funds seeking operational control.'),

  ('f1000000-0000-0000-0000-000000000007', 'd1000000-0000-0000-0000-000000000007',
   160000000, 200000000, 260000000, 'SAR',
   'EV/EBITDA (10-14x) benchmarked against Saudi Vision 2030 hospitality transactions',
   'Management team has 18 years average tenure. MBO financing structured as 60% senior debt, 40% equity rollover. Saudi tourism targets under Vision 2030 support long-term growth thesis.'),

  ('f1000000-0000-0000-0000-000000000010', 'd1000000-0000-0000-0000-000000000010',
   200000000, 250000000, 310000000, 'AED',
   'NAV plus development margin analysis with debt service coverage ratio assessment',
   'Grade A commercial portfolio in DIFC and Downtown Dubai with 94% occupancy. Debt refinancing at current rates generates AED 12M annual savings. Term sheet stage with 2 competing lenders.'),

  ('f1000000-0000-0000-0000-000000000013', 'd1000000-0000-0000-0000-000000000013',
   38000000, 50000000, 68000000, 'SAR',
   'Revenue multiple (5-8x) with peer comparison to listed KSA healthcare providers',
   'Aligned with Saudi Vision 2030 healthcare privatization targets. Growing at 35% YoY with 3 new clinic openings planned. Sharia-compliant structure opens access to Islamic healthcare endowment funds.')
on conflict (id) do nothing;

-- ============================================================
-- DEAL DOCUMENTS
-- ============================================================
insert into deal_documents (id, deal_id, doc_type, file_url, status) values
  ('g1000000-0000-0000-0000-000000000001', 'd1000000-0000-0000-0000-000000000001', 'trade_license',          '/docs/phoenix/trade_license.pdf',    'verified'),
  ('g1000000-0000-0000-0000-000000000002', 'd1000000-0000-0000-0000-000000000001', 'financials_y1',          '/docs/phoenix/financials_2025.pdf',  'verified'),
  ('g1000000-0000-0000-0000-000000000003', 'd1000000-0000-0000-0000-000000000001', 'financials_y2',          '/docs/phoenix/financials_2024.pdf',  'verified'),
  ('g1000000-0000-0000-0000-000000000004', 'd1000000-0000-0000-0000-000000000001', 'shareholder_agreement',  '/docs/phoenix/sha.pdf',              'uploaded'),
  ('g1000000-0000-0000-0000-000000000005', 'd1000000-0000-0000-0000-000000000002', 'trade_license',          '/docs/silicon/trade_license.pdf',    'verified'),
  ('g1000000-0000-0000-0000-000000000006', 'd1000000-0000-0000-0000-000000000002', 'financials_y1',          '/docs/silicon/financials_2025.pdf',  'verified'),
  ('g1000000-0000-0000-0000-000000000007', 'd1000000-0000-0000-0000-000000000002', 'memorandum',             '/docs/silicon/cim.pdf',              'verified'),
  ('g1000000-0000-0000-0000-000000000008', 'd1000000-0000-0000-0000-000000000006', 'trade_license',          '/docs/falcon/trade_license.pdf',     'verified'),
  ('g1000000-0000-0000-0000-000000000009', 'd1000000-0000-0000-0000-000000000006', 'financials_y1',          '/docs/falcon/financials_2025.pdf',   'uploaded'),
  ('g1000000-0000-0000-0000-000000000010', 'd1000000-0000-0000-0000-000000000007', 'trade_license',          '/docs/dune/trade_license.pdf',       'verified'),
  ('g1000000-0000-0000-0000-000000000011', 'd1000000-0000-0000-0000-000000000007', 'financials_y1',          '/docs/dune/financials_2025.pdf',     'verified'),
  ('g1000000-0000-0000-0000-000000000012', 'd1000000-0000-0000-0000-000000000007', 'financials_y2',          '/docs/dune/financials_2024.pdf',     'verified'),
  ('g1000000-0000-0000-0000-000000000013', 'd1000000-0000-0000-0000-000000000010', 'trade_license',          '/docs/mirage/trade_license.pdf',     'verified'),
  ('g1000000-0000-0000-0000-000000000014', 'd1000000-0000-0000-0000-000000000010', 'financials_y1',          '/docs/mirage/financials_2025.pdf',   'verified'),
  ('g1000000-0000-0000-0000-000000000015', 'd1000000-0000-0000-0000-000000000010', 'memorandum',             '/docs/mirage/cim.pdf',               'verified')
on conflict (id) do nothing;

-- ============================================================
-- MANDATES (Khalid advises on several deals)
-- ============================================================
insert into mandates (id, advisor_id, deal_id, stage, commission_pct, days_in_stage) values
  ('h1000000-0000-0000-0000-000000000001', 'b1000000-0000-0000-0000-000000000001', 'd1000000-0000-0000-0000-000000000001', 'listed',          2.5,  45),
  ('h1000000-0000-0000-0000-000000000002', 'b1000000-0000-0000-0000-000000000001', 'd1000000-0000-0000-0000-000000000002', 'under_nda',       3.0,  28),
  ('h1000000-0000-0000-0000-000000000003', 'b1000000-0000-0000-0000-000000000001', 'd1000000-0000-0000-0000-000000000003', 'under_nda',       2.0,  62),
  ('h1000000-0000-0000-0000-000000000004', 'b1000000-0000-0000-0000-000000000001', 'd1000000-0000-0000-0000-000000000005', 'mandate_signed',  2.5,  12),
  ('h1000000-0000-0000-0000-000000000005', 'b1000000-0000-0000-0000-000000000001', 'd1000000-0000-0000-0000-000000000006', 'listed',          2.0,  90),
  ('h1000000-0000-0000-0000-000000000006', 'b1000000-0000-0000-0000-000000000001', 'd1000000-0000-0000-0000-000000000007', 'indicative_bids', 3.5,  21),
  ('h1000000-0000-0000-0000-000000000007', 'b1000000-0000-0000-0000-000000000001', 'd1000000-0000-0000-0000-000000000010', 'term_sheet',      1.5,  14),
  ('h1000000-0000-0000-0000-000000000008', 'b1000000-0000-0000-0000-000000000001', 'd1000000-0000-0000-0000-000000000013', 'listed',          2.5,  35),
  ('h1000000-0000-0000-0000-000000000009', 'b1000000-0000-0000-0000-000000000001', 'd1000000-0000-0000-0000-000000000014', 'under_nda',       2.0,  55),
  ('h1000000-0000-0000-0000-000000000010', 'b1000000-0000-0000-0000-000000000001', 'd1000000-0000-0000-0000-000000000015', 'listed',          2.5,  30)
on conflict (id) do nothing;

-- ============================================================
-- NDAs
-- ============================================================
insert into ndas (id, deal_id, investor_id, status, sent_at, signed_at, expires_at) values
  -- Project Silicon NDAs
  ('i1000000-0000-0000-0000-000000000001', 'd1000000-0000-0000-0000-000000000002', 'e1000000-0000-0000-0000-000000000001',
   'Signed', '2026-01-15', '2026-01-18', '2026-07-18'),
  ('i1000000-0000-0000-0000-000000000002', 'd1000000-0000-0000-0000-000000000002', 'e1000000-0000-0000-0000-000000000003',
   'Signed', '2026-01-20', '2026-01-22', '2026-07-22'),
  ('i1000000-0000-0000-0000-000000000003', 'd1000000-0000-0000-0000-000000000002', 'e1000000-0000-0000-0000-000000000002',
   'Off for Signing', '2026-02-01', null, null),

  -- Project Caravan NDAs
  ('i1000000-0000-0000-0000-000000000004', 'd1000000-0000-0000-0000-000000000003', 'e1000000-0000-0000-0000-000000000002',
   'Signed', '2025-12-10', '2025-12-14', '2026-06-14'),
  ('i1000000-0000-0000-0000-000000000005', 'd1000000-0000-0000-0000-000000000003', 'e1000000-0000-0000-0000-000000000007',
   'Sent', '2026-03-01', null, null),

  -- Project Phoenix NDAs
  ('i1000000-0000-0000-0000-000000000006', 'd1000000-0000-0000-0000-000000000001', 'e1000000-0000-0000-0000-000000000001',
   'Signed', '2026-02-05', '2026-02-08', '2026-08-08'),
  ('i1000000-0000-0000-0000-000000000007', 'd1000000-0000-0000-0000-000000000001', 'e1000000-0000-0000-0000-000000000003',
   'Pending', '2026-03-28', null, null),
  ('i1000000-0000-0000-0000-000000000008', 'd1000000-0000-0000-0000-000000000001', 'e1000000-0000-0000-0000-000000000005',
   'Signed', '2026-02-20', '2026-02-24', '2026-08-24'),

  -- Project Dune NDAs
  ('i1000000-0000-0000-0000-000000000009', 'd1000000-0000-0000-0000-000000000007', 'e1000000-0000-0000-0000-000000000005',
   'Signed', '2025-09-10', '2025-09-14', '2026-03-14'),
  ('i1000000-0000-0000-0000-000000000010', 'd1000000-0000-0000-0000-000000000007', 'e1000000-0000-0000-0000-000000000008',
   'Signed', '2025-09-20', '2025-09-25', '2026-03-25'),
  ('i1000000-0000-0000-0000-000000000011', 'd1000000-0000-0000-0000-000000000007', 'e1000000-0000-0000-0000-000000000006',
   'Off for Signing', '2026-01-05', null, null),

  -- Project Mirage NDAs
  ('i1000000-0000-0000-0000-000000000012', 'd1000000-0000-0000-0000-000000000010', 'e1000000-0000-0000-0000-000000000007',
   'Signed', '2025-08-15', '2025-08-18', '2026-02-18'),
  ('i1000000-0000-0000-0000-000000000013', 'd1000000-0000-0000-0000-000000000010', 'e1000000-0000-0000-0000-000000000008',
   'Signed', '2025-09-01', '2025-09-05', '2026-03-05'),

  -- Project Falcon NDAs
  ('i1000000-0000-0000-0000-000000000014', 'd1000000-0000-0000-0000-000000000006', 'e1000000-0000-0000-0000-000000000007',
   'Signed', '2025-11-10', '2025-11-14', '2026-05-14'),
  ('i1000000-0000-0000-0000-000000000015', 'd1000000-0000-0000-0000-000000000006', 'e1000000-0000-0000-0000-000000000010',
   'Pending', '2026-03-15', null, null),

  -- Project Nebula NDAs
  ('i1000000-0000-0000-0000-000000000016', 'd1000000-0000-0000-0000-000000000014', 'e1000000-0000-0000-0000-000000000003',
   'Signed', '2026-01-10', '2026-01-14', '2026-07-14'),
  ('i1000000-0000-0000-0000-000000000017', 'd1000000-0000-0000-0000-000000000014', 'e1000000-0000-0000-0000-000000000004',
   'Sent', '2026-03-01', null, null),

  -- Project Orion NDAs
  ('i1000000-0000-0000-0000-000000000018', 'd1000000-0000-0000-0000-000000000013', 'e1000000-0000-0000-0000-000000000001',
   'Signed', '2026-02-20', '2026-02-23', '2026-08-23'),
  ('i1000000-0000-0000-0000-000000000019', 'd1000000-0000-0000-0000-000000000013', 'e1000000-0000-0000-0000-000000000005',
   'Off for Signing', '2026-03-10', null, null)
on conflict (id) do nothing;

-- ============================================================
-- INVESTOR ACTIVITY
-- ============================================================
insert into investor_activity (id, deal_id, investor_id, action, created_at) values
  -- Vertex Capital activity on Project Phoenix
  ('j1000000-0000-0000-0000-000000000001', 'd1000000-0000-0000-0000-000000000001', 'e1000000-0000-0000-0000-000000000001', 'teaser_view',      '2026-01-12 09:15:00+04'),
  ('j1000000-0000-0000-0000-000000000002', 'd1000000-0000-0000-0000-000000000001', 'e1000000-0000-0000-0000-000000000001', 'nda_request',      '2026-01-14 11:30:00+04'),
  ('j1000000-0000-0000-0000-000000000003', 'd1000000-0000-0000-0000-000000000001', 'e1000000-0000-0000-0000-000000000001', 'nda_signed',       '2026-02-08 14:00:00+04'),
  ('j1000000-0000-0000-0000-000000000004', 'd1000000-0000-0000-0000-000000000001', 'e1000000-0000-0000-0000-000000000001', 'data_room_access', '2026-02-09 10:00:00+04'),
  ('j1000000-0000-0000-0000-000000000005', 'd1000000-0000-0000-0000-000000000001', 'e1000000-0000-0000-0000-000000000001', 'document_view',    '2026-02-09 10:30:00+04'),
  ('j1000000-0000-0000-0000-000000000006', 'd1000000-0000-0000-0000-000000000001', 'e1000000-0000-0000-0000-000000000001', 'document_view',    '2026-02-10 16:45:00+04'),
  ('j1000000-0000-0000-0000-000000000007', 'd1000000-0000-0000-0000-000000000001', 'e1000000-0000-0000-0000-000000000001', 'message_sent',     '2026-02-12 09:20:00+04'),

  -- Mirae Global on Project Phoenix
  ('j1000000-0000-0000-0000-000000000008', 'd1000000-0000-0000-0000-000000000001', 'e1000000-0000-0000-0000-000000000003', 'teaser_view',      '2026-03-20 08:00:00+04'),
  ('j1000000-0000-0000-0000-000000000009', 'd1000000-0000-0000-0000-000000000001', 'e1000000-0000-0000-0000-000000000003', 'nda_request',      '2026-03-25 15:30:00+04'),

  -- Riyadh Capital on Project Phoenix
  ('j1000000-0000-0000-0000-000000000010', 'd1000000-0000-0000-0000-000000000001', 'e1000000-0000-0000-0000-000000000005', 'teaser_view',      '2026-02-01 10:00:00+04'),
  ('j1000000-0000-0000-0000-000000000011', 'd1000000-0000-0000-0000-000000000001', 'e1000000-0000-0000-0000-000000000005', 'nda_request',      '2026-02-15 11:00:00+04'),
  ('j1000000-0000-0000-0000-000000000012', 'd1000000-0000-0000-0000-000000000001', 'e1000000-0000-0000-0000-000000000005', 'nda_signed',       '2026-02-24 09:00:00+04'),
  ('j1000000-0000-0000-0000-000000000013', 'd1000000-0000-0000-0000-000000000001', 'e1000000-0000-0000-0000-000000000005', 'data_room_access', '2026-02-25 14:30:00+04'),

  -- Vertex Capital on Project Silicon
  ('j1000000-0000-0000-0000-000000000014', 'd1000000-0000-0000-0000-000000000002', 'e1000000-0000-0000-0000-000000000001', 'teaser_view',      '2025-12-10 09:00:00+04'),
  ('j1000000-0000-0000-0000-000000000015', 'd1000000-0000-0000-0000-000000000002', 'e1000000-0000-0000-0000-000000000001', 'nda_request',      '2025-12-15 13:00:00+04'),
  ('j1000000-0000-0000-0000-000000000016', 'd1000000-0000-0000-0000-000000000002', 'e1000000-0000-0000-0000-000000000001', 'nda_signed',       '2026-01-18 10:00:00+04'),
  ('j1000000-0000-0000-0000-000000000017', 'd1000000-0000-0000-0000-000000000002', 'e1000000-0000-0000-0000-000000000001', 'data_room_access', '2026-01-19 09:00:00+04'),
  ('j1000000-0000-0000-0000-000000000018', 'd1000000-0000-0000-0000-000000000002', 'e1000000-0000-0000-0000-000000000001', 'document_view',    '2026-01-19 09:30:00+04'),
  ('j1000000-0000-0000-0000-000000000019', 'd1000000-0000-0000-0000-000000000002', 'e1000000-0000-0000-0000-000000000001', 'document_view',    '2026-01-20 14:00:00+04'),
  ('j1000000-0000-0000-0000-000000000020', 'd1000000-0000-0000-0000-000000000002', 'e1000000-0000-0000-0000-000000000001', 'message_sent',     '2026-01-22 11:15:00+04'),

  -- Alpha Assets on Project Caravan
  ('j1000000-0000-0000-0000-000000000021', 'd1000000-0000-0000-0000-000000000003', 'e1000000-0000-0000-0000-000000000002', 'teaser_view',      '2025-11-25 08:30:00+03'),
  ('j1000000-0000-0000-0000-000000000022', 'd1000000-0000-0000-0000-000000000003', 'e1000000-0000-0000-0000-000000000002', 'nda_request',      '2025-12-01 10:00:00+03'),
  ('j1000000-0000-0000-0000-000000000023', 'd1000000-0000-0000-0000-000000000003', 'e1000000-0000-0000-0000-000000000002', 'nda_signed',       '2025-12-14 14:00:00+03'),
  ('j1000000-0000-0000-0000-000000000024', 'd1000000-0000-0000-0000-000000000003', 'e1000000-0000-0000-0000-000000000002', 'data_room_access', '2025-12-15 09:00:00+03'),

  -- QIP on Project Dune
  ('j1000000-0000-0000-0000-000000000025', 'd1000000-0000-0000-0000-000000000007', 'e1000000-0000-0000-0000-000000000005', 'teaser_view',      '2025-08-15 10:00:00+03'),
  ('j1000000-0000-0000-0000-000000000026', 'd1000000-0000-0000-0000-000000000007', 'e1000000-0000-0000-0000-000000000005', 'nda_request',      '2025-08-20 09:00:00+03'),
  ('j1000000-0000-0000-0000-000000000027', 'd1000000-0000-0000-0000-000000000007', 'e1000000-0000-0000-0000-000000000005', 'nda_signed',       '2025-09-14 11:00:00+03'),
  ('j1000000-0000-0000-0000-000000000028', 'd1000000-0000-0000-0000-000000000007', 'e1000000-0000-0000-0000-000000000005', 'data_room_access', '2025-09-15 08:00:00+03'),
  ('j1000000-0000-0000-0000-000000000029', 'd1000000-0000-0000-0000-000000000007', 'e1000000-0000-0000-0000-000000000005', 'document_view',    '2025-09-16 10:30:00+03'),
  ('j1000000-0000-0000-0000-000000000030', 'd1000000-0000-0000-0000-000000000007', 'e1000000-0000-0000-0000-000000000005', 'message_sent',     '2025-09-20 14:00:00+03'),

  -- Al-Habtoor on Project Dune
  ('j1000000-0000-0000-0000-000000000031', 'd1000000-0000-0000-0000-000000000007', 'e1000000-0000-0000-0000-000000000008', 'teaser_view',      '2025-09-01 09:00:00+04'),
  ('j1000000-0000-0000-0000-000000000032', 'd1000000-0000-0000-0000-000000000007', 'e1000000-0000-0000-0000-000000000008', 'nda_request',      '2025-09-10 10:00:00+04'),
  ('j1000000-0000-0000-0000-000000000033', 'd1000000-0000-0000-0000-000000000007', 'e1000000-0000-0000-0000-000000000008', 'nda_signed',       '2025-09-25 15:00:00+04'),
  ('j1000000-0000-0000-0000-000000000034', 'd1000000-0000-0000-0000-000000000007', 'e1000000-0000-0000-0000-000000000008', 'data_room_access', '2025-09-26 08:30:00+04'),

  -- QIP on Project Falcon
  ('j1000000-0000-0000-0000-000000000035', 'd1000000-0000-0000-0000-000000000006', 'e1000000-0000-0000-0000-000000000007', 'teaser_view',      '2025-10-20 11:00:00+04'),
  ('j1000000-0000-0000-0000-000000000036', 'd1000000-0000-0000-0000-000000000006', 'e1000000-0000-0000-0000-000000000007', 'nda_request',      '2025-10-25 09:30:00+04'),
  ('j1000000-0000-0000-0000-000000000037', 'd1000000-0000-0000-0000-000000000006', 'e1000000-0000-0000-0000-000000000007', 'nda_signed',       '2025-11-14 14:00:00+04'),
  ('j1000000-0000-0000-0000-000000000038', 'd1000000-0000-0000-0000-000000000006', 'e1000000-0000-0000-0000-000000000007', 'data_room_access', '2025-11-15 09:00:00+04'),
  ('j1000000-0000-0000-0000-000000000039', 'd1000000-0000-0000-0000-000000000006', 'e1000000-0000-0000-0000-000000000007', 'document_view',    '2025-11-16 10:00:00+04'),
  ('j1000000-0000-0000-0000-000000000040', 'd1000000-0000-0000-0000-000000000006', 'e1000000-0000-0000-0000-000000000007', 'message_sent',     '2025-11-20 16:00:00+04'),

  -- Teaser views from various investors on Listed deals
  ('j1000000-0000-0000-0000-000000000041', 'd1000000-0000-0000-0000-000000000004', 'e1000000-0000-0000-0000-000000000006', 'teaser_view', '2026-02-20 10:00:00+04'),
  ('j1000000-0000-0000-0000-000000000042', 'd1000000-0000-0000-0000-000000000004', 'e1000000-0000-0000-0000-000000000007', 'teaser_view', '2026-02-22 11:30:00+04'),
  ('j1000000-0000-0000-0000-000000000043', 'd1000000-0000-0000-0000-000000000008', 'e1000000-0000-0000-0000-000000000004', 'teaser_view', '2026-03-05 09:00:00+04'),
  ('j1000000-0000-0000-0000-000000000044', 'd1000000-0000-0000-0000-000000000011', 'e1000000-0000-0000-0000-000000000010', 'teaser_view', '2026-03-18 14:00:00+03'),
  ('j1000000-0000-0000-0000-000000000045', 'd1000000-0000-0000-0000-000000000015', 'e1000000-0000-0000-0000-000000000002', 'teaser_view', '2026-01-10 08:45:00+04'),
  ('j1000000-0000-0000-0000-000000000046', 'd1000000-0000-0000-0000-000000000015', 'e1000000-0000-0000-0000-000000000008', 'teaser_view', '2026-01-15 10:00:00+04'),
  ('j1000000-0000-0000-0000-000000000047', 'd1000000-0000-0000-0000-000000000013', 'e1000000-0000-0000-0000-000000000001', 'teaser_view', '2026-02-05 09:00:00+03'),
  ('j1000000-0000-0000-0000-000000000048', 'd1000000-0000-0000-0000-000000000013', 'e1000000-0000-0000-0000-000000000009', 'teaser_view', '2026-02-18 13:00:00+03')
on conflict (id) do nothing;

-- ============================================================
-- COMMISSIONS
-- ============================================================
insert into commissions (id, mandate_id, amount, currency, status) values
  -- Project Phoenix (Listed, AED 35M, 2.5% = AED 875K)
  ('k1000000-0000-0000-0000-000000000001', 'h1000000-0000-0000-0000-000000000001', 875000, 'AED', 'pending'),
  -- Project Silicon (Under NDA, AED 175M, 3% = AED 5.25M)
  ('k1000000-0000-0000-0000-000000000002', 'h1000000-0000-0000-0000-000000000002', 5250000, 'AED', 'pending'),
  -- Project Caravan (Under NDA, SAR 45M, 2% = SAR 900K)
  ('k1000000-0000-0000-0000-000000000003', 'h1000000-0000-0000-0000-000000000003', 900000, 'SAR', 'pending'),
  -- Project Pearl (Mandate Signed, BHD 5M, 2.5% = BHD 125K)
  ('k1000000-0000-0000-0000-000000000004', 'h1000000-0000-0000-0000-000000000004', 125000, 'BHD', 'pending'),
  -- Project Falcon (Listed, AED 120M, 2% = AED 2.4M)
  ('k1000000-0000-0000-0000-000000000005', 'h1000000-0000-0000-0000-000000000005', 2400000, 'AED', 'pending'),
  -- Project Dune (Indicative Bids, SAR 200M, 3.5% = SAR 7M)
  ('k1000000-0000-0000-0000-000000000006', 'h1000000-0000-0000-0000-000000000006', 7000000, 'SAR', 'invoiced'),
  -- Project Mirage (Term Sheet, AED 250M, 1.5% = AED 3.75M)
  ('k1000000-0000-0000-0000-000000000007', 'h1000000-0000-0000-0000-000000000007', 3750000, 'AED', 'invoiced')
on conflict (id) do nothing;
